,id,first_name,last_name,email,gender,ip_address,age
0,1,Cy,Collishaw,ccollishaw0@craigslist.org,Genderfluid,122.43.108.235,10
1,2,Anita,Giddings,agiddings1@digg.com,Female,159.31.11.64,68
2,3,Jock,Dungate,jdungate2@feedburner.com,Genderfluid,151.151.31.141,90
3,4,Wyatan,Maudling,wmaudling3@indiatimes.com,Non-binary,160.127.228.24,97
4,5,Carry,Villa,cvilla4@homestead.com,Bigender,171.83.72.243,38
5,6,Rochette,Mynett,rmynett5@blogtalkradio.com,Non-binary,47.17.53.187,76
6,7,Peria,Markushkin,pmarkushkin6@economist.com,Genderfluid,188.2.200.208,77
7,8,Patience,Baxter,pbaxter7@wikia.com,Genderqueer,172.81.107.34,45
8,9,Andi,Truggian,atruggian8@xrea.com,Agender,11.54.160.187,88
9,10,Hogan,Whitwood,hwhitwood9@zimbio.com,Non-binary,56.27.76.127,76
10,11,Brok,Cosby,bcosbya@canalblog.com,Polygender,97.148.53.135,33
11,12,Alisha,Breukelman,abreukelmanb@sitemeter.com,Female,120.183.138.101,56
12,13,Lanette,Gavagan,lgavaganc@google.cn,Male,169.149.192.21,74
13,14,Lilian,Hans,lhansd@forbes.com,Male,215.190.92.69,49
14,15,Cort,Perett,cperette@noaa.gov,Male,231.249.40.116,36
15,16,Lek,Wyldbore,lwyldboref@github.com,Genderfluid,121.53.110.168,76
16,17,Kylen,Spillane,kspillaneg@wiley.com,Polygender,206.135.138.96,77
17,18,Kip,Celli,kcellih@craigslist.org,Agender,87.215.163.42,19
18,19,Bailey,Finneran,bfinnerani@sohu.com,Agender,250.148.83.116,6
19,20,Florette,Fergyson,ffergysonj@shinystat.com,Non-binary,175.246.18.137,37
20,21,Sybila,Younglove,syounglovek@cam.ac.uk,Bigender,160.139.203.221,100
21,22,Stefano,Dorro,sdorrol@instagram.com,Female,64.182.153.139,40
22,23,Filippo,Kibard,fkibardm@github.io,Genderfluid,151.175.64.101,96
23,24,Lorena,Cinavas,lcinavasn@hexun.com,Non-binary,109.0.181.229,54
24,25,Sigismundo,Flude,sfludeo@naver.com,Non-binary,225.158.71.81,94
25,26,Fernande,Sagerson,fsagersonp@booking.com,Male,79.14.104.170,52
26,27,Debbie,Hopewell,dhopewellq@histats.com,Non-binary,225.249.103.135,94
27,28,Joyous,Aspel,jaspelr@mit.edu,Genderqueer,58.148.136.46,96
28,29,Jesus,Skerrett,jskerretts@sina.com.cn,Bigender,89.248.162.202,81
29,30,Kiah,Binding,kbindingt@wisc.edu,Agender,16.56.99.24,8
30,31,Flore,Epton,feptonu@latimes.com,Non-binary,74.122.45.168,24
31,32,Melamie,McCoughan,mmccoughanv@noaa.gov,Genderfluid,39.45.226.90,44
32,33,Jessica,Rother,jrotherw@java.com,Bigender,145.7.230.206,56
33,34,Emmie,Aslie,easliex@tripadvisor.com,Bigender,184.154.247.91,42
34,35,Layney,Endley,lendleyy@storify.com,Agender,87.124.22.170,26
35,36,Ulrika,Gaddesby,ugaddesbyz@cornell.edu,Non-binary,173.193.15.36,92
36,37,Maryjo,Stoile,mstoile10@dropbox.com,Genderqueer,160.68.52.117,19
37,38,Laurena,Phlippi,lphlippi11@ibm.com,Non-binary,111.173.202.185,79
38,39,Merrily,Fidell,mfidell12@wix.com,Bigender,30.127.87.28,5
39,40,Baxy,Bodimeade,bbodimeade13@wisc.edu,Male,28.228.91.22,65
40,41,Ynes,Von Der Empten,yvonderempten14@xinhuanet.com,Polygender,229.109.247.131,68
41,42,Gun,Bruyett,gbruyett15@mashable.com,Polygender,111.164.26.169,90
42,43,Pollyanna,Grigg,pgrigg16@yelp.com,Agender,87.195.240.2,24
43,44,Isidoro,Penvarne,ipenvarne17@amazon.co.jp,Agender,14.178.133.253,81
44,45,Melodee,Haxell,mhaxell18@whitehouse.gov,Genderfluid,251.186.7.45,51
45,46,Marylee,Fells,mfells19@state.gov,Female,97.90.161.111,60
46,47,Felicia,Fletcher,ffletcher1a@prnewswire.com,Female,224.38.205.41,15
47,48,Caty,Ortmann,cortmann1b@blogspot.com,Genderfluid,94.138.54.215,80
48,49,Barrie,Tonepohl,btonepohl1c@wired.com,Genderfluid,107.162.45.191,35
49,50,Iseabal,O'Doghesty,iodoghesty1d@mozilla.org,Male,0.5.103.155,88
50,51,Arlene,Linkleter,alinkleter1e@netlog.com,Male,72.123.160.17,43
51,52,Fredericka,Skirlin,fskirlin1f@nasa.gov,Agender,163.72.73.202,13
52,53,Libbi,Milmoe,lmilmoe1g@51.la,Agender,190.149.152.137,64
53,54,Carrol,Reinhard,creinhard1h@nationalgeographic.com,Male,42.219.65.26,59
54,55,Odo,Pegram,opegram1i@japanpost.jp,Non-binary,15.103.222.0,66
55,56,Zebulen,Caush,zcaush1j@weather.com,Agender,219.31.177.224,86
56,57,Minnnie,Mellem,mmellem1k@tripod.com,Genderfluid,188.232.82.106,59
57,58,Heindrick,Guilloneau,hguilloneau1l@dailymail.co.uk,Bigender,29.128.235.157,91
58,59,Valentino,Cumesky,vcumesky1m@marketwatch.com,Male,197.142.149.233,35
59,60,Dorisa,Aubri,daubri1n@craigslist.org,Bigender,17.175.112.166,3
60,61,Kara-lynn,McCromley,kmccromley1o@sbwire.com,Male,95.201.161.242,48
61,62,Eric,Bosley,ebosley1p@skyrock.com,Genderqueer,11.175.110.109,64
62,63,Ada,Innot,ainnot1q@addtoany.com,Male,160.216.71.49,41
63,64,Adella,Bilsborrow,abilsborrow1r@baidu.com,Female,138.12.128.30,17
64,65,Lotti,Hallihane,lhallihane1s@nytimes.com,Agender,208.121.18.87,95
65,66,Camilla,Hinrichs,chinrichs1t@jugem.jp,Female,62.124.10.153,2
66,67,Kliment,Anthonsen,kanthonsen1u@mozilla.org,Female,10.193.5.95,73
67,68,Mathilda,Lydford,mlydford1v@wiley.com,Genderqueer,1.184.112.31,38
68,69,Juli,Wharrier,jwharrier1w@tamu.edu,Non-binary,63.126.237.0,82
69,70,Venus,Byart,vbyart1x@seesaa.net,Genderfluid,94.68.207.162,67
70,71,Lammond,Clemensen,lclemensen1y@simplemachines.org,Genderqueer,12.151.7.129,100
71,72,Bernetta,Lints,blints1z@unc.edu,Bigender,31.47.192.121,100
72,73,Shanie,Samudio,ssamudio20@java.com,Genderfluid,60.10.201.142,55
73,74,Sianna,Grissett,sgrissett21@blogspot.com,Male,41.65.146.79,31
74,75,Carlyn,Goodday,cgoodday22@technorati.com,Male,123.109.250.38,8
75,76,Amelina,Skarman,askarman23@delicious.com,Agender,183.112.12.12,43
76,77,Kelly,Neesam,kneesam24@washington.edu,Polygender,97.14.139.129,21
77,78,Harriott,Jagiello,hjagiello25@wp.com,Female,174.213.55.39,76
78,79,Vachel,Voules,vvoules26@cnet.com,Non-binary,193.124.88.76,100
79,80,Hilarius,Rudolf,hrudolf27@nbcnews.com,Male,35.141.44.59,50
80,81,Sander,Crean,screan28@networksolutions.com,Genderfluid,54.151.168.37,26
81,82,Omero,Drydale,odrydale29@ca.gov,Genderqueer,123.113.22.40,34
82,83,Ellen,Kaines,ekaines2a@drupal.org,Genderqueer,13.239.103.170,12
83,84,Emalia,Divell,edivell2b@columbia.edu,Agender,25.115.156.122,50
84,85,Alessandro,Spalding,aspalding2c@cargocollective.com,Bigender,80.5.47.148,15
85,86,Issi,Eusden,ieusden2d@china.com.cn,Male,171.139.248.184,79
86,87,Shayna,Saywell,ssaywell2e@ow.ly,Polygender,142.115.246.13,1
87,88,Antonin,Lunam,alunam2f@sohu.com,Male,122.60.199.219,51
88,89,Maridel,Matthews,mmatthews2g@mlb.com,Bigender,221.64.155.245,34
89,90,Florenza,Ridewood,fridewood2h@yahoo.com,Female,206.51.87.37,14
90,91,Anastasie,Kullmann,akullmann2i@csmonitor.com,Female,233.169.99.18,85
91,92,Guinevere,Lantuffe,glantuffe2j@elpais.com,Bigender,94.200.219.42,27
92,93,Wolfie,Cutting,wcutting2k@digg.com,Female,45.213.100.183,12
93,94,Lori,Raspel,lraspel2l@jimdo.com,Genderqueer,24.198.214.216,92
94,95,Stella,Wreight,swreight2m@360.cn,Polygender,190.154.88.106,90
95,96,Marcia,Halms,mhalms2n@nydailynews.com,Non-binary,199.79.25.78,33
96,97,Faye,Billin,fbillin2o@princeton.edu,Genderfluid,171.203.191.87,61
97,98,Thorsten,Leal,tleal2p@census.gov,Genderfluid,78.24.22.253,32
98,99,Hermine,Bondy,hbondy2q@ihg.com,Bigender,106.40.95.11,91
99,100,Zea,Buffery,zbuffery2r@nps.gov,Bigender,211.228.194.36,9
